legacy path,revamp path
ces,faculty-research/centers-initiatives/ces
ces/2009econfadvisory_confirm.html,faculty-research/centers-initiatives/ces
ces/2012reunion,faculty-research/centers-initiatives/ces
ces/about,faculty-research/centers-initiatives/ces
ces/about/2009EntrepreneurshipConferenceDetailofSessions.html,faculty-research/centers-initiatives/ces
ces/about/2010EntrepreneurshipConferenceDetailofSessions.html,faculty-research/centers-initiatives/ces
ces/about/2011EntrepreneurshipConferenceDetailofSessions.html,faculty-research/centers-initiatives/ces
ces/about/alumni_events.html,alumni/communities
ces/about/conferences.html,faculty-research/centers-initiatives/ces
ces/about/contact.html,faculty-research/centers-initiatives/ces/contact
ces/about/econf_details_2006.html,faculty-research/centers-initiatives/ces
ces/about/econf_details_2007.html,faculty-research/centers-initiatives/ces
ces/about/econf_details_2008.html,faculty-research/centers-initiatives/ces
ces/about/econf2006.html,faculty-research/centers-initiatives/ces
ces/about/econf2007.html,faculty-research/centers-initiatives/ces
ces/about/events_220307.html,faculty-research/centers-initiatives/ces
ces/about/events.html,faculty-research/centers-initiatives/ces
ces/about/foster.html,faculty-research/centers-initiatives/ces/contact/foster-resource-center
ces/about/leadership.html,faculty-research/centers-initiatives/ces/faculty-staff
ces/about/outreach.html,organizations/leverage-gsb
ces/about/past_events_220307.html,faculty-research/centers-initiatives/ces
ces/about/past_events.html,faculty-research/centers-initiatives/ces
ces/about/site_map.html,faculty-research/centers-initiatives/ces
ces/alumni/peer-group,faculty-research/centers-initiatives/ces
ces/alumni/peer-group-bay-area-reg,faculty-research/centers-initiatives/ces
ces/alumni/peer-group-ecg,faculty-research/centers-initiatives/ces
ces/alumni/reunion/location,faculty-research/centers-initiatives/ces
ces/alumni/reunion/program,faculty-research/centers-initiatives/ces
ces/alumni/reunion/reglandpg,faculty-research/centers-initiatives/ces
ces/alumni/reunion/speakerbios,faculty-research/centers-initiatives/ces
ces/alumni/reunion/thingstodo,faculty-research/centers-initiatives/ces
ces/alumni/reunion/workshops,faculty-research/centers-initiatives/ces
ces/community,alumni/communities
ces/community/hire.html,alumni/career-resources/hire-alumni-students
ces/community/index_220307.html,alumni/communities
ces/community/interns.html,organizations/leverage-gsb/internships-experiential-learning/entrepreneurial-summer-program
ces/community/projects.html,organizations/leverage-gsb/internships-experiential-learning
ces/community/visitors.html,faculty-research/centers-initiatives/ces/contact
ces/community/volunteer.html,alumni/volunteering/academics-student-life/entrepreneurial-students
ces/conley,alumni/contact/alumni-association/about-alumni/chip-conley
ces/cook,faculty-research/centers-initiatives/ces
ces/crowdfunding-101,faculty-research/centers-initiatives/ces
ces/ecg,faculty-research/centers-initiatives/ces
ces/entrepreneurial-advising,stanford-gsb-experience/academic-advantages/entrepreneurship
ces/entrepreneurial-courses,stanford-gsb-experience/academic-advantages/entrepreneurship/management-courses
ces/entreunion/allen.html,faculty-research/centers-initiatives/ces
ces/entreunion/chambers.html,faculty-research/centers-initiatives/ces
ces/entreunion/chess.html,faculty-research/centers-initiatives/ces
ces/entreunion/ellis.html,faculty-research/centers-initiatives/ces
ces/entreunion/entreunion_schedule.html,faculty-research/centers-initiatives/ces
ces/entreunion/foster.html,faculty-research/centers-initiatives/ces
ces/entreunion/grousbeck.html,faculty-research/centers-initiatives/ces
ces/entreunion/holloway_myers.html,faculty-research/centers-initiatives/ces
ces/entreunion/holloway.html,faculty-research/centers-initiatives/ces
ces/entreunion/leslie.html,faculty-research/centers-initiatives/ces
ces/entreunion/morgridge.html,faculty-research/centers-initiatives/ces
ces/entreunion/owades.html,faculty-research/centers-initiatives/ces
ces/entreunion/peterson,faculty-research/centers-initiatives/ces
ces/entreunion/peterson.html,faculty-research/centers-initiatives/ces
ces/entreunion/rachleff.html,faculty-research/centers-initiatives/ces
ces/entreunion/wendell.html,faculty-research/centers-initiatives/ces
ces/faq,faculty-research/centers-initiatives/ces
ces/faq/alumni.html,faculty-research/centers-initiatives/ces
ces/faq/entrepreneurs_old,faculty-research/centers-initiatives/ces
ces/faq/entrepreneurs.html,faculty-research/centers-initiatives/ces
ces/faq/esp_companies,organizations/leverage-gsb/internships-experiential-learning/entrepreneurial-summer-program
ces/faq/esp_companies.html,organizations/leverage-gsb/internships-experiential-learning/entrepreneurial-summer-program
ces/faq/esp_students.html,stanford-gsb-experience/academic-advantages/entrepreneurship/entrepreneurial-summer-program
ces/faq/esp.html,stanford-gsb-experience/academic-advantages/entrepreneurship/entrepreneurial-summer-program
ces/faq/general,faculty-research/centers-initiatives/ces
ces/faq/general.html,faculty-research/centers-initiatives/ces
ces/faq/search_funds.html,faculty-research/centers-initiatives/ces/research/search-funds
ces/faq/students.html,stanford-gsb-experience/academic-advantages/entrepreneurship
ces/faq/vcs.html,faculty-research/centers-initiatives/ces
ces/kasznik,faculty-research/centers-initiatives/ces
ces/latino-entrepreneurship-initiative,faculty-research/centers-initiatives/ces/research/slei
ces/latino-entrepreneurship-initiative/about,faculty-research/centers-initiatives/ces/research/slei
ces/latino-entrepreneurship-initiative/survey-outreach-network,faculty-research/centers-initiatives/ces/research/slei
ces/NewHome2_html_MMtmp05224278/NewHome2.html,faculty-research/centers-initiatives/ces
ces/research,faculty-research/centers-initiatives/ces/teaching-curriculum
ces/research/cases.html,faculty-research/centers-initiatives/ces/teaching-curriculum
ces/research/papers.html,faculty-research/centers-initiatives/ces/research
ces/research/projects.html,faculty-research/centers-initiatives/ces/research
ces/research/search_funds_study_2001.html,faculty-research/centers-initiatives/ces/research/search-funds
ces/research/spec.html,faculty-research/centers-initiatives/ces/research
ces/research/specproject.html,faculty-research/centers-initiatives/ces/research
ces/resources,faculty-research/centers-initiatives/ces
ces/resources/angel_financing.html,faculty-research/centers-initiatives/ces
ces/resources/business_plans.html,faculty-research/centers-initiatives/ces
ces/resources/china_resources.html,faculty-research/centers-initiatives/ces
ces/resources/confirm_search_fund_primer.html,faculty-research/centers-initiatives/ces/research/search-funds/download-primer
ces/resources/india_resources.html,faculty-research/centers-initiatives/ces
ces/resources/international_220307.html,faculty-research/centers-initiatives/ces
ces/resources/international.html,faculty-research/centers-initiatives/ces
ces/resources/legal.html,faculty-research/centers-initiatives/ces
ces/resources/reading.html,faculty-research/centers-initiatives/ces
ces/resources/search_fund_primer.html,faculty-research/centers-initiatives/ces/research/search-funds/primer
ces/resources/search_funds.html,faculty-research/centers-initiatives/ces/research/search-funds
ces/resources/stanfordorgs.html,faculty-research/centers-initiatives/ces
ces/resources/topics.html,faculty-research/centers-initiatives/ces
ces/resources/venture_capital.html,faculty-research/centers-initiatives/ces
ces/robin-chase-event,faculty-research/centers-initiatives/ces
ces/salessymposium.html,faculty-research/centers-initiatives/ces
ces/startupgarage,stanford-gsb-experience/academic-advantages/entrepreneurship/startup-garage
ces/students,stanford-gsb-experience/academic-advantages/entrepreneurship
ces/students/advisorbios.html,https://mygsb.stanford.edu/mba/programs-centers/center-entrepreneurial-studies-ces
ces/students/advisory_confirm.html,https://mygsb.stanford.edu/mba/programs-centers/center-entrepreneurial-studies-ces
ces/students/clubs_220307.html,stanford-gsb-experience/academic-advantages/entrepreneurship/student-clubs
ces/students/clubs.html,stanford-gsb-experience/academic-advantages/entrepreneurship/student-clubs
ces/students/counseling.html,https://mygsb.stanford.edu/mba/programs-centers/center-entrepreneurial-studies-ces
ces/students/courses.html,stanford-gsb-experience/academic-advantages/entrepreneurship/management-courses
ces/students/events.html,faculty-research/centers-initiatives/ces
ces/students/internships.html,stanford-gsb-experience/academic-advantages/entrepreneurship/entrepreneurial-summer-program
ces/students/projects.html,organizations/leverage-gsb/internships-experiential-learning
ces/students/venture-studio,stanford-community/entrepreneurship/venture-studio
ces/teaching,faculty-research/centers-initiatives/ces/teaching-curriculum
ces/teaching/356_app_confirm.html,stanford-community/entrepreneurship/startup-garage
ces/teaching/356_applicationprocess_nonGSB.html,stanford-community/entrepreneurship/startup-garage/application-tips
ces/teaching/356_faculty.html,stanford-community/entrepreneurship/startup-garage
ces/teaching/356_mixers.html,stanford-community/entrepreneurship/startup-garage
ces/teaching/356_teams.html,stanford-community/entrepreneurship/startup-garage
ces/teaching/courses.html,stanford-gsb-experience/academic-advantages/entrepreneurship/management-courses
ces/teaching/faculty.html,faculty-research/centers-initiatives/ces/faculty-staff
ces/teaching/S366 - Copy.html,stanford-community/entrepreneurship/startup-garage
ces/teaching/s366_app_confirm.html,stanford-community/entrepreneurship/startup-garage
ces/tenth,faculty-research/centers-initiatives/ces
ces/venture_studio_application,stanford-community/entrepreneurship/venture-studio/resident-application-process
ces/venture-studio-entrepreneurs-spotlight,stanford-gsb-experience/academic-advantages/entrepreneurship/venture-studio
ces/videos,faculty-research/centers-initiatives/ces/teaching-curriculum
ces/videos/2001.html,faculty-research/centers-initiatives/ces/teaching-curriculum
ces/videos/2002.html,faculty-research/centers-initiatives/ces/teaching-curriculum
ces/videos/2003.html,faculty-research/centers-initiatives/ces/teaching-curriculum
ces/videos/2004.html,faculty-research/centers-initiatives/ces/teaching-curriculum
ces/videos/2005.html,faculty-research/centers-initiatives/ces/teaching-curriculum
ces/videos/2006.html,faculty-research/centers-initiatives/ces/teaching-curriculum
ces/videos/2007.html,faculty-research/centers-initiatives/ces/teaching-curriculum
ces/videos/all.html,faculty-research/centers-initiatives/ces/teaching-curriculum
ces/videos/index2.html,faculty-research/centers-initiatives/ces/teaching-curriculum
ces/videos/teasers/BusinessPlans2008.html,faculty-research/centers-initiatives/ces/teaching-curriculum
ces/videos/teasers/Culture2008.html,faculty-research/centers-initiatives/ces/teaching-curriculum
ces/videos/teasers/EarlyLateStageFinancing.html,faculty-research/centers-initiatives/ces/teaching-curriculum
ces/videos/teasers/fundingstrategies.html,faculty-research/centers-initiatives/ces/teaching-curriculum
ces/videos/teasers/Legal2008Part1.html,faculty-research/centers-initiatives/ces/teaching-curriculum
ces/videos/teasers/Partner2008.html,faculty-research/centers-initiatives/ces/teaching-curriculum
ces/videos/teasers/teaser-acquiring.html,faculty-research/centers-initiatives/ces/teaching-curriculum
ces/videos/teasers/teaser-acquisition2007.html,faculty-research/centers-initiatives/ces/teaching-curriculum
ces/videos/teasers/teaser-advisoryboard.html,faculty-research/centers-initiatives/ces/teaching-curriculum
ces/videos/teasers/teaser-alumni-entrepreneurs.html,faculty-research/centers-initiatives/ces/teaching-curriculum
ces/videos/teasers/teaser-angels2006.html,faculty-research/centers-initiatives/ces/teaching-curriculum
ces/videos/teasers/teaser-bezos.html,faculty-research/centers-initiatives/ces/teaching-curriculum
ces/videos/teasers/teaser-bouncingback.html,faculty-research/centers-initiatives/ces/teaching-curriculum
ces/videos/teasers/teaser-bouncingback2004.html,faculty-research/centers-initiatives/ces/teaching-curriculum
ces/videos/teasers/teaser-buildingabrand.html,faculty-research/centers-initiatives/ces/teaching-curriculum
ces/videos/teasers/teaser-buildingmanagementteam.html,faculty-research/centers-initiatives/ces/teaching-curriculum
ces/videos/teasers/teaser-careers2007.html,faculty-research/centers-initiatives/ces/teaching-curriculum
ces/videos/teasers/teaser-catmull2007.html,faculty-research/centers-initiatives/ces/teaching-curriculum
ces/videos/teasers/teaser-CES2006.html,faculty-research/centers-initiatives/ces/teaching-curriculum
ces/videos/teasers/teaser-china.html,faculty-research/centers-initiatives/ces/teaching-curriculum
ces/videos/teasers/teaser-consumergoods2007.html,faculty-research/centers-initiatives/ces/teaching-curriculum
ces/videos/teasers/teaser-consumerinternet2007.html,faculty-research/centers-initiatives/ces/teaching-curriculum
ces/videos/teasers/teaser-cook.html,faculty-research/centers-initiatives/ces/teaching-curriculum
ces/videos/teasers/teaser-creativefinancing.html,faculty-research/centers-initiatives/ces/teaching-curriculum
ces/videos/teasers/teaser-culture2007.html,faculty-research/centers-initiatives/ces/teaching-curriculum
ces/videos/teasers/teaser-debtpanel.html,faculty-research/centers-initiatives/ces/teaching-curriculum
ces/videos/teasers/teaser-dubinsky.html,faculty-research/centers-initiatives/ces/teaching-curriculum
ces/videos/teasers/teaser-dyson.html,faculty-research/centers-initiatives/ces/teaching-curriculum
ces/videos/teasers/teaser-establishingculture.html,faculty-research/centers-initiatives/ces/teaching-curriculum
ces/videos/teasers/teaser-findingidea2007.html,faculty-research/centers-initiatives/ces/teaching-curriculum
ces/videos/teasers/teaser-firstcustomers2007.html,faculty-research/centers-initiatives/ces/teaching-curriculum
ces/videos/teasers/teaser-foundingteams.html,faculty-research/centers-initiatives/ces/teaching-curriculum
ces/videos/teasers/teaser-franchising2003.html,faculty-research/centers-initiatives/ces/teaching-curriculum
ces/videos/teasers/teaser-franchising2004.html,faculty-research/centers-initiatives/ces/teaching-curriculum
ces/videos/teasers/teaser-gosolopartner.html,faculty-research/centers-initiatives/ces/teaching-curriculum
ces/videos/teasers/teaser-gosolopartner2007.html,faculty-research/centers-initiatives/ces/teaching-curriculum
ces/videos/teasers/teaser-grousbeck.html,faculty-research/centers-initiatives/ces/teaching-curriculum
ces/videos/teasers/teaser-havewhatittakes.html,faculty-research/centers-initiatives/ces/teaching-curriculum
ces/videos/teasers/teaser-hawkins.html,faculty-research/centers-initiatives/ces/teaching-curriculum
ces/videos/teasers/teaser-hiringfiringmotivating.html,faculty-research/centers-initiatives/ces/teaching-curriculum
ces/videos/teasers/teaser-identifyingidea.html,faculty-research/centers-initiatives/ces/teaching-curriculum
ces/videos/teasers/teaser-intellectualproperty.html,faculty-research/centers-initiatives/ces/teaching-curriculum
ces/videos/teasers/teaser-internetopps2007.html,faculty-research/centers-initiatives/ces/teaching-curriculum
ces/videos/teasers/teaser-IP2006.html,faculty-research/centers-initiatives/ces/teaching-curriculum
ces/videos/teasers/teaser-koplovitz.html,faculty-research/centers-initiatives/ces/teaching-curriculum
ces/videos/teasers/teaser-larrypage.html,faculty-research/centers-initiatives/ces/teaching-curriculum
ces/videos/teasers/teaser-legal2006part1.html,faculty-research/centers-initiatives/ces/teaching-curriculum
ces/videos/teasers/teaser-legalworkshop2.html,faculty-research/centers-initiatives/ces/teaching-curriculum
ces/videos/teasers/teaser-legalworkshop3.html,faculty-research/centers-initiatives/ces/teaching-curriculum
ces/videos/teasers/teaser-lessonslearned.html,faculty-research/centers-initiatives/ces/teaching-curriculum
ces/videos/teasers/teaser-lifesciences.html,faculty-research/centers-initiatives/ces/teaching-curriculum
ces/videos/teasers/teaser-lowcostlocations2007.html,faculty-research/centers-initiatives/ces/teaching-curriculum
ces/videos/teasers/teaser-mediaentertainment2007.html,faculty-research/centers-initiatives/ces/teaching-curriculum
ces/videos/teasers/teaser-mobile2007.html,faculty-research/centers-initiatives/ces/teaching-curriculum
ces/videos/teasers/teaser-monetizingweb.html,faculty-research/centers-initiatives/ces/teaching-curriculum
ces/videos/teasers/teaser-negotiations2007.html,faculty-research/centers-initiatives/ces/teaching-curriculum
ces/videos/teasers/teaser-nextbigidea.html,faculty-research/centers-initiatives/ces/teaching-curriculum
ces/videos/teasers/teaser-nonfundedsearch.html,faculty-research/centers-initiatives/ces/teaching-curriculum
ces/videos/teasers/teaser-penchina.html,faculty-research/centers-initiatives/ces/teaching-curriculum
ces/videos/teasers/teaser-recruitingateam.html,faculty-research/centers-initiatives/ces/teaching-curriculum
ces/videos/teasers/teaser-recruitingateam2007.html,faculty-research/centers-initiatives/ces/teaching-curriculum
ces/videos/teasers/teaser-retailopps2007.html,faculty-research/centers-initiatives/ces/teaching-curriculum
ces/videos/teasers/teaser-rosen.html,faculty-research/centers-initiatives/ces/teaching-curriculum
ces/videos/teasers/teaser-s356bbl.html,faculty-research/centers-initiatives/ces/teaching-curriculum
ces/videos/teasers/teaser-s356bbl2007.html,faculty-research/centers-initiatives/ces/teaching-curriculum
ces/videos/teasers/teaser-s356education.html,faculty-research/centers-initiatives/ces/teaching-curriculum
ces/videos/teasers/teaser-s356energy.html,faculty-research/centers-initiatives/ces/teaching-curriculum
ces/videos/teasers/teaser-s356findingidea.html,faculty-research/centers-initiatives/ces/teaching-curriculum
ces/videos/teasers/teaser-s356healthcare.html,faculty-research/centers-initiatives/ces/teaching-curriculum
ces/videos/teasers/teaser-s356internet.html,faculty-research/centers-initiatives/ces/teaching-curriculum
ces/videos/teasers/teaser-s356retail.html,faculty-research/centers-initiatives/ces/teaching-curriculum
ces/videos/teasers/teaser-sales2008.html,faculty-research/centers-initiatives/ces/teaching-curriculum
ces/videos/teasers/teaser-searchfundpanel2002.html,faculty-research/centers-initiatives/ces/teaching-curriculum
ces/videos/teasers/teaser-searchfundpanel2003.html,faculty-research/centers-initiatives/ces/teaching-curriculum
ces/videos/teasers/teaser-searchfundpanel2005.html,faculty-research/centers-initiatives/ces/teaching-curriculum
ces/videos/teasers/teaser-searchfundpanel2006.html,faculty-research/centers-initiatives/ces/teaching-curriculum
ces/videos/teasers/teaser-searchfunds2008.html,faculty-research/centers-initiatives/ces/teaching-curriculum
ces/videos/teasers/teaser-softwaretrends.html,faculty-research/centers-initiatives/ces/teaching-curriculum
ces/videos/teasers/teaser-toptenlies2007.html,faculty-research/centers-initiatives/ces/teaching-curriculum
ces/videos/teasers/teaser-toptenmistakes.html,faculty-research/centers-initiatives/ces/teaching-curriculum
ces/videos/teasers/teaser-vcpitch.html,faculty-research/centers-initiatives/ces/teaching-curriculum
ces/videos/teasers/teaser-womenentrepreneurs.html,faculty-research/centers-initiatives/ces/teaching-curriculum
,
,
,
,
,
,
,
,
,
,