legacy path,new path
advisorycouncil,stanford-gsb-experience/leadership/advisory-council
advisorycouncil/a-wong,stanford-gsb-experience/leadership/advisory-council/members
advisorycouncil/a-y-long,alumni/contact/alumni-association/about-alumni/annabelle-anna-yu-long
advisorycouncil/barlow.html,stanford-gsb-experience/leadership/advisory-council/members
advisorycouncil/barra,alumni/contact/alumni-association/about-alumni/mary-teresa-barra
advisorycouncil/bass.html,alumni/contact/alumni-association/about-alumni/robert-m-bass
advisorycouncil/bostrom.html,stanford-gsb-experience/leadership/advisory-council/members
advisorycouncil/brito.html,stanford-gsb-experience/leadership/advisory-council/members
advisorycouncil/chen.html,alumni/contact/alumni-association/about-alumni/william-bill-m-barnum
advisorycouncil/clayman,alumni/contact/alumni-association/about-alumni/michelle-r-clayman
advisorycouncil/costin.html,alumni/contact/alumni-association/about-alumni/michelle-r-clayman
advisorycouncil/dalgaard,alumni/contact/alumni-association/about-alumni/lars-dalgaard
advisorycouncil/davies.html,alumni/contact/alumni-association/about-alumni/paul-lew-lewis-davies
advisorycouncil/denning.html,alumni/contact/alumni-association/about-alumni/steven-aaron-denning
advisorycouncil/dewilde.html,alumni/contact/alumni-association/about-alumni/katherine-august-dewilde
advisorycouncil/donnini.html,alumni/contact/alumni-association/about-alumni/david-donnini
advisorycouncil/donohoe,alumni/contact/alumni-association/about-alumni/robin-richards-donohoe
advisorycouncil/eakin.html,alumni/contact/alumni-association/about-alumni/riley-p-bechtel
advisorycouncil/eitel.html,alumni/contact/alumni-association/about-alumni/scott-brady
advisorycouncil/ellis.html,alumni/contact/alumni-association/about-alumni/george-n-chammas
advisorycouncil/epstein.html,alumni/contact/alumni-association/about-alumni/stuart-joel-epstein
advisorycouncil/firmenich.html,alumni/contact/alumni-association/about-alumni/antoine-firmenich
advisorycouncil/fisher.html,alumni/contact/alumni-association/about-alumni/william-bill-sydney-fisher
advisorycouncil/g-davis,alumni/contact/alumni-association/about-alumni/paul-lew-lewis-davies
advisorycouncil/garza-sada.html,alumni/contact/alumni-association/about-alumni/armando-garza
advisorycouncil/gleberman.html,alumni/contact/alumni-association/about-alumni/joseph-henry-gleberman
advisorycouncil/goldman.html,alumni/contact/alumni-association/about-alumni/john-david-goldman
advisorycouncil/gouw.html,alumni/contact/alumni-association/about-alumni/theresia-arijanti-gouw
advisorycouncil/gupta,alumni/contact/alumni-association/about-alumni/akhilesh-akhil-krishna-gupta
advisorycouncil/hagey.html,alumni/contact/alumni-association/about-alumni/russell-russ-hagey
advisorycouncil/hersh.html,alumni/contact/alumni-association/about-alumni/kenneth-asher-hersh
advisorycouncil/hodgson.html,stanford-gsb-experience/leadership/advisory-council/members
advisorycouncil/horbach.html,alumni/contact/alumni-association/about-alumni/sandra-j-horbach
advisorycouncil/jordan.html,alumni/contact/alumni-association/about-alumni/jeffrey-dalton-jordan
advisorycouncil/kayden.html,alumni/contact/alumni-association/about-alumni/joelle-moira-kayden
advisorycouncil/koffel.html,stanford-gsb-experience/leadership/advisory-council/members
advisorycouncil/kordestani.html,alumni/contact/alumni-association/about-alumni/farhad-forbes
advisorycouncil/lainovic,alumni/contact/alumni-association/about-alumni/sacha-lainovic
advisorycouncil/liggett,alumni/contact/alumni-association/about-alumni/emily-maddox-liggett
advisorycouncil/matelich.html,alumni/contact/alumni-association/about-alumni/george-edward-matelich
advisorycouncil/mcandrews.html,stanford-gsb-experience/leadership/advisory-council/members
advisorycouncil/mccaffery.html,alumni/contact/alumni-association/about-alumni/william-e-ford
advisorycouncil/mckinnell.html,alumni/contact/alumni-association/about-alumni/henry-hank-mckinnell
advisorycouncil/medina-mora.html,stanford-gsb-experience/leadership/advisory-council/members
advisorycouncil/mehrotra.html,alumni/contact/alumni-association/about-alumni/sanjay-mehrotra
advisorycouncil/milligan.html,alumni/contact/alumni-association/about-alumni/gretchen-hartnack-milligan
advisorycouncil/morgridge.html,alumni/contact/alumni-association/about-alumni/john-p-morgridge
advisorycouncil/novogratz.html,alumni/contact/alumni-association/about-alumni/peter-t-francis
advisorycouncil/ormond.html,alumni/contact/alumni-association/about-alumni/bowei-lee
advisorycouncil/pellas.html,stanford-gsb-experience/leadership/advisory-council/members
advisorycouncil/penner.html,alumni/contact/alumni-association/about-alumni/gregory-b-penner
advisorycouncil/rivera.html,alumni/contact/alumni-association/about-alumni/miriam-rivera
advisorycouncil/robertson,alumni/contact/alumni-association/about-alumni/alexander-tucker-robertson
advisorycouncil/romo,alumni/contact/alumni-association/about-alumni/martin-anthony-romo
advisorycouncil/scott.html,alumni/contact/alumni-association/about-alumni/bernard-looney
advisorycouncil/servitje,stanford-gsb-experience/leadership/advisory-council/members
advisorycouncil/shanahan.html,stanford-gsb-experience/leadership/advisory-council/members
advisorycouncil/siminoff,stanford-gsb-experience/leadership/advisory-council/members
advisorycouncil/slosar.html,stanford-gsb-experience/leadership/advisory-council/members
advisorycouncil/sykes.html,stanford-gsb-experience/leadership/advisory-council/members
advisorycouncil/taweel.html,stanford-gsb-experience/leadership/advisory-council/members
advisorycouncil/thoma.html,stanford-gsb-experience/leadership/advisory-council/members
advisorycouncil/tsujihara.html,stanford-gsb-experience/leadership/advisory-council/members
advisorycouncil/tuttle.html,stanford-gsb-experience/leadership/advisory-council/members
advisorycouncil/weatherman,stanford-gsb-experience/leadership/advisory-council/members
advisorycouncil/zaoui.html,stanford-gsb-experience/leadership/advisory-council/members
cmc,organizations/recruit
cmc/about,organizations/recruit
cmc/about/contact,organizations/recruit/contact
cmc/about/directory,organizations/recruit/contact
cmc/about/leadership,organizations/recruit/contact
cmc/calendar,organizations/recruit/finding-candidates/calendar
cmc/dual.html,programs/mba/academic-experience/joint-dual-degrees
cmc/global,organizations/recruit/finding-candidates/interviewing/international
cmc/hire,organizations/recruit
cmc/hire/best-practices.html,organizations/recruit/strategies
cmc/hire/checklist.html,organizations/recruit/strategies
cmc/hire/consultation.html,organizations/recruit/contact
cmc/hire/faqs.html,organizations/recruit
cmc/hire/internships.html,organizations/leverage-gsb/internships-experiential-learning
cmc/hire/job-descriptions.html,organizations/recruit/strategies/offer-compelling-position
cmc/hire/jobs.html,organizations/recruit/finding-candidates/job-board
cmc/hire/ocr.html,organizations/recruit/finding-candidates
cmc/hire/resumes.html,organizations/recruit/finding-candidates/resume-databases
cmc/hire/strategy.html,organizations/recruit/strategies
cmc/insidescoop.html,organizations/recruit
cmc/jb.html,organizations/recruit/finding-candidates/job-board
cmc/policies,organizations/recruit/finding-candidates/policies
cmc/reports,organizations/recruit/employment-reports
cmc/visibility,organizations/recruit/strategies/build-visibility
cmc/visibility/catering.html,stanford-university-community/plan-event/catering-services
cmc/visibility/cnn.html,organizations/recruit/finding-candidates/events/networking-nights
cmc/visibility/confirm_eventrequest.html,organizations/recruit/finding-candidates/events/employer
cmc/visibility/eventrequest.html,organizations/recruit/finding-candidates/events/employer
cmc/visibility/events-cmc.html,organizations/recruit/finding-candidates/events/networking-nights
cmc/visibility/events-nongsb.html,organizations/recruit/finding-candidates/events/employer
cmc/visibility/events-students.html,organizations/recruit/finding-candidates/events/employer
cmc/visit,visit
cmc/visit/directions.html,visit
cmc/visit/hotels.html,visit
cmc/visit/map.html,visit
cmc/visit/parking.html,visit
cmc/visit/transportation.html,visit
corporate,organizations
corprel,organizations/invest
corprel/annual,organizations/invest/donor-recognition
corprel/contact_us.html,organizations/invest/contact
corprel/corp_programs,organizations/invest/other-ways/centers-initiatives
corprel/corp_programs/global_aff_pgm.html,organizations/leverage-gsb/internships-experiential-learning/gmix
corprel/corp_programs/gmix,organizations/leverage-gsb/internships-experiential-learning/gmix
corprel/corp_visibility,organizations/invest
corprel/corp_visibility/speaker_engage.html,organizations/leverage-gsb
corprel/corp_visibility/sponsorships,organizations/invest/other-ways/student-fellowships
corprel/corp_visibility/sponsorships/diversity.html,organizations/invest/other-ways/student-fellowships
corprel/corp_visibility/sponsorships/global.html,organizations/invest/other-ways/student-fellowships
corprel/corp_visibility/sponsorships/industry.html,organizations/invest/other-ways/student-fellowships
corprel/corp_visibility/sponsorships/leadership.html,organizations/invest/other-ways/student-fellowships
corprel/corporate_matching.html,http://matchinggifts.com/stanford
corprel/gift_opp,organizations/invest/other-ways
corprel/gift_opp/advantages.html,organizations/invest/other-ways
corprel/gift_opp/faculty.html,organizations/invest/other-ways
corprel/gift_opp/fellowships.html,organizations/invest/other-ways
corprel/gift_opp/students.html,organizations/invest/other-ways
giving,alumni/giving
giving-1,alumni/giving
giving/,alumni/giving
giving/2013report,alumni/giving
giving/benefactor/spring_2010.html,alumni/giving/donor-recognition/news-stories
giving/bsf,alumni/giving/business-school-fund
giving/bsf,alumni/giving/business-school-fund
giving/bsf/bsf_faqs,alumni/giving/business-school-fund
giving/bsf/contact_us.html,alumni/giving/contact
giving/bsf/give_your_time,alumni/giving/business-school-fund
giving/bsf/give_your_time/class_agent_responsibilities.html,alumni/volunteering/fundraising
giving/bsf/give_your_time/confirm_sign_up_now.html,alumni/volunteering/fundraising
giving/bsf/give_your_time/gsb_opportunities.html,alumni/volunteering
giving/bsf/give_your_time/reunion_volunteer_responsibilities.html,alumni/volunteering/fundraising
giving/bsf/give_your_time/sign_up_now.html,alumni/volunteering/fundraising
giving/bsf/give_your_time/volunteer_log_in.html,alumni/volunteering/fundraising
giving/bsf/holiday-thank-you,alumni/giving
giving/bsf/ways_to_give,alumni/giving/how-make-gift
giving/bsf/ways_to_give/canada.html,alumni/giving/how-make-gift/international
giving/bsf/ways_to_give/charitable_gift_funds.html,alumni/giving/how-make-gift
giving/bsf/ways_to_give/corporate_matches.html,http://matchinggifts.com/stanford
giving/bsf/ways_to_give/creditcards.html,alumni/giving/how-make-gift
giving/bsf/ways_to_give/eft.html,alumni/giving/how-make-gift
giving/bsf/ways_to_give/giving_deadlines.html,alumni/giving/how-make-gift/deadlines
giving/bsf/ways_to_give/hongkong.html,alumni/giving/how-make-gift/international
giving/bsf/ways_to_give/international_donors.html,alumni/giving/how-make-gift/international
giving/bsf/ways_to_give/mail_fax.html,alumni/giving/how-make-gift
giving/bsf/ways_to_give/mexico.html,alumni/giving/how-make-gift/international
giving/bsf/ways_to_give/planned_gifts.html,alumni/giving/how-make-gift
giving/bsf/ways_to_give/securities.html,alumni/giving/how-make-gift
giving/bsf/ways_to_give/uk.html,alumni/giving/how-make-gift/international
giving/bsf/ways_to_give/wire_transfers.html,alumni/giving/how-make-gift
giving/bsf/when_to_give,alumni/giving/how-make-gift
giving/bsf/when_to_give/annual_giving.html,alumni/giving/how-make-gift
giving/bsf/when_to_give/class_agents.html,alumni/volunteering/fundraising
giving/bsf/when_to_give/corporate_matches.html,http://matchinggifts.com/stanford
giving/bsf/when_to_give/planned_giving_faqs.html,alumni/giving/why/ways-give
giving/bsf/when_to_give/planned_giving.html,alumni/giving/why/ways-give
giving/bsf/when_to_give/reunion_giving_deadlines.html,alumni/reunions
giving/bsf/when_to_give/reunion_giving.html,alumni/reunions
giving/bsf/when_to_give/reunion_records.html,alumni/reunions/records
giving/bsf/why_give,alumni/giving/why/give
giving/bsf/why_give/curriculum.html,alumni/giving/why/give
giving/bsf/why_give/donor_benefits.html,alumni/giving/donor-recognition
giving/bsf/why_give/faculty.html,alumni/giving/strategic-initiatives
giving/bsf/why_give/financial_aid.html,alumni/giving/strategic-initiatives
giving/bsf/why_give/how_i_am_recognized.html,alumni/giving/donor-recognition
giving/bsf/why_give/impact_global.html,alumni/giving/strategic-initiatives
giving/bsf/why_give/impact_leadership.html,alumni/giving/strategic-initiatives
giving/bsf/why_give/impact_social.html,alumni/giving/strategic-initiatives
giving/bsf/why_give/student_life.html,alumni/giving/strategic-initiatives
giving/bsf/why_give/where_my_gift_goes-old.html,alumni/giving/business-school-fund
giving/bsf/why_give/where_my_gift_goes.html,alumni/giving/business-school-fund
giving/bsf/why_give/why_my_gift_matters.html,alumni/giving/why
giving/bsf/why_give/why_tuition.html,alumni/giving/why/give
giving/campaign_leadership,alumni/giving
giving/campaign_news_events,alumni/giving/donor-recognition/news-stories
giving/campaign_news_events/,alumni/giving/donor-recognition/news-stories
giving/campaign_news_events/Class_of_2009_gift.html,stanford-gsb-experience/news-history/class-2009-reaches-100-participation
giving/campaign_news_events/FellowshipOpensDoors.html,stanford-gsb-experience/news-history/fellowship-opens-door-opportunities
giving/campaign_news_events/FellowshipOpenstheDoortoOpportunities.html,stanford-gsb-experience/news-history/fellowship-opens-door-opportunities
giving/contact_us.html,alumni/giving/contact
giving/events,alumni/featured-events
giving/events/arbuckle.html,alumni/featured-events/award-events/arbuckle
giving/events/firstnight.html,alumni/featured-events
giving/events/knightcenteropening.html,alumni/featured-events
giving/events/leadership.html,alumni/featured-events/award-events/excellence-leadership
giving/fellowships.html,alumni/giving/why/ways-give
giving/frequently_asked_questions,alumni/giving
giving/gsb_priorities,alumni/giving/strategic-initiatives
giving/gsb_priorities/annual_giving.html,alumni/giving/strategic-initiatives
giving/gsb_priorities/centers.html,alumni/giving/strategic-initiatives
giving/gsb_priorities/collaborations.html,alumni/giving/strategic-initiatives
giving/gsb_priorities/curricularinnovations.html,alumni/giving/strategic-initiatives
giving/gsb_priorities/entrepreneurial_team.html,alumni/giving/strategic-initiatives
giving/gsb_priorities/faculty,alumni/giving/why
giving/gsb_priorities/faculty_excellence.html,alumni/giving/donor-recognition/news-stories
giving/gsb_priorities/faculty.html,alumni/giving/why
giving/gsb_priorities/faculty/aaker.html,alumni/giving/why
giving/gsb_priorities/faculty/barnett.html,alumni/giving/why
giving/gsb_priorities/faculty/lee.html,alumni/giving/why
giving/gsb_priorities/faculty/neale.html,alumni/giving/why
giving/gsb_priorities/faculty/pfeffer.html,alumni/giving/why
giving/gsb_priorities/faculty/plambeck.html,alumni/giving/why
giving/gsb_priorities/faculty/rao.html,alumni/giving/why
giving/gsb_priorities/faculty/shiv.html,alumni/giving/why
giving/gsb_priorities/faculty/tormala.html,alumni/giving/why
giving/gsb_priorities/faculty/wein.html,alumni/giving/why
giving/gsb_priorities/faculty/zenios.html,alumni/giving/why
giving/gsb_priorities/financial_support_for_new_campus.html,stanford-gsb-experience/news-history/alumni-friends-help-build-better-gsb-knight-management-center
giving/gsb_priorities/george_parker_professorship.html,stanford-gsb-experience/news-history/honoring-one-kind-george-g-c-parker-professorship
giving/gsb_priorities/global_opportunities.html,alumni/giving/donor-recognition/news-stories
giving/gsb_priorities/leadership_fellow.html,alumni/giving/donor-recognition
giving/gsb_priorities/leverage_your_gifts.html,alumni/giving/strategic-initiatives
giving/gsb_priorities/new_campus.html,alumni/giving/strategic-initiatives
giving/gsb_priorities/new_global_fund.html,stanford-gsb-experience/news-history/encouraging-greater-global-business-knowledge
giving/gsb_priorities/programs,alumni/giving/why
giving/gsb_priorities/programs.html,alumni/giving/strategic-initiatives
giving/gsb_priorities/programs/barnes.html,alumni/giving/why
giving/gsb_priorities/programs/castano.html,alumni/giving/why
giving/gsb_priorities/programs/davies.html,alumni/giving/why
giving/gsb_priorities/programs/elbouchikhi.html,alumni/giving/why
giving/gsb_priorities/programs/samagh.html,alumni/giving/why
giving/gsb_priorities/student_fellowships.html,alumni/giving/strategic-initiatives
giving/gsb_priorities/students.html,alumni/giving/strategic-initiatives
giving/highlandhall,alumni/giving/strategic-initiatives/highland-hall
giving/impact,alumni/giving/donor-recognition
giving/mba08,alumni/giving
giving/mba10,alumni/giving
giving/mba14,alumni/giving
giving/mba14/contact,alumni/giving
giving/mba14/faqs,alumni/giving
giving/mba14/howto,alumni/giving
giving/mba14/pledge,alumni/giving
giving/mba14/whygive,alumni/giving
giving/news,alumni/giving/donor-recognition/news-stories
giving/news/1968mba-matching-fund,alumni/giving/donor-recognition/news-stories
giving/news/AlumnaSupportsVision,alumni/giving/donor-recognition/news-stories
giving/news/benefactor,alumni/giving/donor-recognition/news-stories
giving/news/campaign_success,alumni/giving/donor-recognition/news-stories
giving/news/campussustainability.html,stanford-gsb-experience/news-history/business-preserving-planet
giving/news/class_gift_shatters_record.html,stanford-gsb-experience/news-history/mba-class-2008-gift-shatters-record-12-million
giving/news/Class_of_2009_gift.html,stanford-gsb-experience/news-history/class-2009-reaches-100-participation
giving/news/classmatessupportinternationalstudents.html,stanford-gsb-experience/news-history/classmates-establish-fund-support-inspire-international
giving/news/classof1968namesbuilding.html,stanford-gsb-experience/news-history/mba-class-1968-shatters-records-names-building
giving/news/collaborationatwork.html,stanford-gsb-experience/news-history/honoring-legend-collaboration-work
giving/news/connectingthroughvolunteerism.html,stanford-gsb-experience/news-history/connecting-through-volunteerism
giving/news/copses-faculty-support,stanford-gsb-experience/news-history/enriching-intellectual-life-stanford-gsb
giving/news/couple-supports-global-priorities,stanford-gsb-experience/news-history/couple-supports-global-priorities
giving/news/CoupleSupportsSocialVentures,stanford-gsb-experience/news-history/couple-funds-program-support-social-innovation-ventures
giving/news/deans_fund_innovations,stanford-gsb-experience/news-history/giving-deans-fund-advancing-tradition-innovation
giving/news/emergingmarkets.html,stanford-gsb-experience/news-history/innovating-emerging-markets
giving/news/entrepreneurial_center_donors.html,stanford-gsb-experience/news-history/center-entrepreneurial-studies-sparks-bright-ideas
giving/news/environmental_business_innovation.html,stanford-gsb-experience/news-history/environmental-business-innovation-go-hand-hand
giving/news/environmental_sustainability_for_the_new_business_school_campus.html,stanford-gsb-experience/news-history/going-green-environmental-sustainability-new-business-school
giving/news/faculty_fellow,stanford-gsb-experience/news-history/couple-endows-faculty-fellow-position-entrepreneurship
giving/news/familytradition.html,stanford-gsb-experience/news-history/volunteering-gsb-family-tradition
giving/news/FellowshipOpensDoors.html,stanford-gsb-experience/news-history/fellowship-opens-door-opportunities
giving/news/financial_support_for_new_campus.html,stanford-gsb-experience/news-history/alumni-friends-help-build-better-gsb-knight-management-center
giving/news/galperin-classrooms,stanford-gsb-experience/news-history/argentine-entrepreneur-makes-campus-gift
giving/news/generationsofgiving.html,stanford-gsb-experience/news-history/generations-stanford-gsb-family-envision-new-campus
giving/news/george_parker_professorship.html,stanford-gsb-experience/news-history/honoring-one-kind-george-g-c-parker-professorship
giving/news/gifts_help_transform_educational_experience_at_GSB.html,stanford-gsb-experience/news-history/gifts-help-transform-educational-experience-stanford-gsb
giving/news/gilbert.html,stanford-gsb-experience/news-history/leading-way-young-alumnus-gives-back
giving/news/gilbertfellowship.html,stanford-gsb-experience/news-history/leading-way-young-alumnus-gives-back
giving/news/global_perspective.html,stanford-gsb-experience/news-history/instilling-global-perspective-students
giving/news/gsb_education_collaboration.html,stanford-gsb-experience/news-history/gift-emphasizes-business-education-through-multidisciplinary
giving/news/honoringmothersinspiration.html,stanford-gsb-experience/news-history/family-gift-honors-mothers-inspiration
giving/news/InvestorBestonBusinessStudents,stanford-gsb-experience/news-history/investor-bets-business-students
giving/news/Investors_in_Social_Innovation_Leverage_Matching_Funds.html,stanford-gsb-experience/news-history/investors-social-innovation-leverage-matching-funds
giving/news/Jeffe_professorship,stanford-gsb-experience/news-history/investing-faculty-ideas-robert-elizabeth-r-jeffe-professorship
giving/news/JP_Garnier.html,stanford-gsb-experience/news-history/glaxosmithkline-fellowships-pay-tribute-jp-garnier
giving/news/knight_center_gift.html,stanford-gsb-experience/news-history/vidalakis-family-gives-back-capital-gift
giving/news/leaders_jumpstart_ideas,stanford-gsb-experience/news-history/leaders-annual-giving-jump-starting-good-ideas
giving/news/leaving_mark_on_kmc,stanford-gsb-experience/news-history/leaving-mark-knight-management-center
giving/news/legacy_for_entrepreneurship,stanford-gsb-experience/news-history/planning-legacy-encouraging-next-generation-entrepreneurs
giving/news/legacy_for_future.html,stanford-gsb-experience/news-history/laying-foundation-legacy-future
giving/news/lifellowship.html,stanford-gsb-experience/news-history/alumnus-draws-personal-experience-endowing-fellowship
giving/news/lumpkins-matching-fellowship-fund,stanford-gsb-experience/news-history/couple-carries-fellowship-tradition-aided-matching-fund
giving/news/message_from_the_dean.html,stanford-gsb-experience/news-history/delivering-vision-message-dean
giving/news/moghadam_family_professorship.html,stanford-gsb-experience/news-history/investing-faculty-moghadam-family-professorship
giving/news/multidisciplinary_fellowships.html,stanford-gsb-experience/news-history/encouraging-collaboration-through-multidisciplinary-fellowships
giving/news/new_campus_co_lab.html,stanford-gsb-experience/news-history/alumni-support-collaboration-lab-new-campus
giving/news/new_campus_groundbreaking.html,stanford-gsb-experience/news-history/alumni-friends-help-build-better-gsb-knight-management-center
giving/news/new_global_fund.html,stanford-gsb-experience/news-history/encouraging-greater-global-business-knowledge
giving/news/pepsicosupportsdiversity.html,stanford-gsb-experience/news-history/pepsico-supports-diversity-efforts-across-stanford-gsb
giving/news/planned_giving_donors.html,stanford-gsb-experience/news-history/alumni-leave-lasting-legacy-through-planned-gifts
giving/news/reliance_industries_fellowships.html,stanford-gsb-experience/news-history/reliance-industries-creates-fellowships-indian-mba-students
giving/news/renewal_fellowship,stanford-gsb-experience/news-history/50th-reunion-efforts-renew-unique-fellowship
giving/news/reuniongiving.html,stanford-gsb-experience/news-history/reunion-giving-resounding-success-every-measure
giving/news/Service-mindedAlumnusSetsShiningExample_000.html,stanford-gsb-experience/news-history/service-minded-alumnus-sets-shining-example
giving/news/social_innovation_faculty.html,stanford-gsb-experience/news-history/endowed-faculty-position-social-innovation
giving/news/social_innovator.html,stanford-gsb-experience/news-history/classmates-honor-social-innovator
giving/news/StanfordLaunchesInstitutetoAlleviatePoverty.html,stanford-gsb-experience/news-history/stanford-launches-institute-alleviate-poverty-150-million-gift
giving/news/StanfordSocialInnovationFellowships.html,stanford-gsb-experience/news-history/stanford-social-innovation-fellowships-awarded-two-mba-students
giving/news/supportforboninifellowshipprogram.html,stanford-gsb-experience/news-history/enhancing-leadership-eli-lilly-partnership-diversity-fellowship
giving/news/thrive_foundation_professorship.html,stanford-gsb-experience/news-history/professorship-reflects-lifelong-stanford-ties
giving/news/trust_for_leadership,stanford-gsb-experience/news-history/establishing-trust-support-leadership
giving/news/vanhorneprofessorship.html,stanford-gsb-experience/news-history/honoring-legend-james-c-van-horne-professorship
giving/news/volunteer_award.html,stanford-gsb-experience/news-history/couple-honored-extraordinary-volunteerism
giving/StanfordSocialInnovationFellowships.html,alumni/giving
giving/ways_to_give,alumni/giving/why/ways-give
giving/ways_to_give/campussustainability.html,alumni/giving/why/ways-give
phi/alumni,alumni/volunteering
phi/companies,organizations/recruit
phi/students/careers,alumni/career-resources
